	run	num_votes	Topic - concise(1,NaN)	Topic - broken down (1,NaN)	1 Goal (1,NaN)	2 Goals (1,NaN)	>2 Goals (1,NaN)	AI role play (1,NaN)	Role form/context(1,NaN)	Meta Process-related (1,NaN)	Simple sentence structure (1,NaN)	Complex sentence structure (1,NaN)	ActAsPersona- Persona Pattern (1,Nan)	ProvideOutPuts- Persona Pattern (1,Nan)	PatternOrder- Persona Pattern (1,Nan)	StrictSeparationRoleVsOutput- Persona Pattern (1,Nan)	Feature 1: AskMeQuestions-FlippedPattern	Feature 2: ConditionStop-FlippedPattern	Feature 3: Form-FlippedPattern:
0	gpt-3.5-turbo-instruct_evaluation_log_shots_3promptgen_4_features_file_features_new_annotation_file_new_majority_annotations	3	0.6415770609318996	0.4133333333333334	0.1919191919191919	0.19999999999999998	0.6011396011396011	0.5238095238095238	0.4505494505494505	0.34065934065934067	0.4117647058823529	0.30666666666666664	0.5611285266457681	0.4594594594594595	0.52	0.4373401534526854	0.6571428571428571	0.19999999999999998	0.4982078853046595
1	gpt-3.5-turbo-instruct_evaluation_log_shots_3promptgen_4_features_file_features_new_annotation_file_new_majority_annotations	5	0.6415770609318996	0.34065934065934067	0.09090909090909091	0.19999999999999998	0.6428571428571429	0.5238095238095238	0.4505494505494505	0.34065934065934067	0.4117647058823529	0.375	0.5611285266457681	0.4594594594594595	0.4505494505494505	0.4373401534526854	0.4444444444444444	0.19999999999999998	0.4982078853046595
2	gpt-3.5-turbo-instruct_evaluation_log_shots_3promptgen_4_features_file_features_new_annotation_file_new_majority_annotations	7	0.6415770609318996	0.34065934065934067	0.09090909090909091	0.14786967418546365	0.6428571428571429	0.5238095238095238	0.4505494505494505	0.34065934065934067	0.4117647058823529	0.375	0.5611285266457681	0.4594594594594595	0.52	0.4949494949494949	0.4444444444444444	0.19999999999999998	0.4982078853046595
