run	Topic - concise(1,NaN)	Topic - broken down (1,NaN)	1 Goal (1,NaN)	2 Goals (1,NaN)	>2 Goals (1,NaN)	AI role play (1,NaN)	Role form/context(1,NaN)	Meta Process-related (1,NaN)	Simple sentence structure (1,NaN)	Complex sentence structure (1,NaN)	ActAsPersona- Persona Pattern (1,Nan)	ProvideOutPuts- Persona Pattern (1,Nan)	PatternOrder- Persona Pattern (1,Nan)	StrictSeparationRoleVsOutput- Persona Pattern (1,Nan)	Feature 1: AskMeQuestions-FlippedPattern	Feature 2: ConditionStop-FlippedPattern	Feature 3: Form-FlippedPattern:
output\evaluation_det-gpt-4_shots_2promptgen_0_features_file_features_new_annotation_file_new_majority_annotations_20231001-133541nobias.tsv	0.8399999999999999	0.797979797979798	0.4373401534526854	0.40476190476190477	0.8465473145780051	0.6703296703296704	0.8	0.6875000000000001	0.52	0.6011396011396012	0.7802197802197801	0.8857142857142857	0.849624060150376	0.715099715099715	0.8857142857142857	1.0	0.8399999999999999
output\evaluation_det-gpt-4_shots_2promptgen_2_features_file_features_new_annotation_file_new_majority_annotations_20231001-140830nobias.tsv	0.829059829059829	0.8399999999999999	0.4791666666666667	0.4505494505494505	0.7999999999999999	0.7916666666666665	0.898989898989899	0.715099715099715	0.3548387096774193	0.561128526645768	0.948849104859335	0.4666666666666667	0.7802197802197802	0.7619047619047619	0.84375	1.0	0.6875000000000001
