Group	Topic - concise(1,NaN)	Topic - broken down (1,NaN)	1 Goal (1,NaN)	2 Goals (1,NaN)	>2 Goals (1,NaN)	AI role play (1,NaN)	Role form/context(1,NaN)	Meta Process-related (1,NaN)	Simple sentence structure (1,NaN)	Complex sentence structure (1,NaN)	ActAsPersona- Persona Pattern (1,Nan)	ProvideOutPuts- Persona Pattern (1,Nan)	PatternOrder- Persona Pattern (1,Nan)	StrictSeparationRoleVsOutput- Persona Pattern (1,Nan)	Feature 1: AskMeQuestions-FlippedPattern	Feature 2: ConditionStop-FlippedPattern	Feature 3: Form-FlippedPattern:
Mean_output\pred_ense_majority_counts_sel_strevaluation_detgptOO_votes_11_	0.74	0.38999999999999996	0.21999999999999997	0.36	0.63	0.5599999999999999	0.5200000000000001	0.38000000000000006	0.6799999999999999	0.41	0.6100000000000001	0.76	0.5	0.58	0.85	0.36	0.6599999999999999
Mean_output\pred_ense_majority_counts_sel_strevaluation_detgptOO_votes_13_	0.76	0.36999999999999994	0.2	0.43	0.6799999999999999	0.58	0.55	0.42000000000000004	0.6900000000000001	0.36000000000000004	0.6599999999999999	0.7699999999999999	0.5200000000000001	0.56	0.86	0.45	0.6300000000000001
Mean_output\pred_ense_majority_counts_sel_strevaluation_detgptOO_votes_15_	0.76	0.38	0.22000000000000003	0.44000000000000006	0.6599999999999999	0.5700000000000001	0.5200000000000001	0.41000000000000003	0.65	0.39	0.6599999999999999	0.7699999999999999	0.5	0.5599999999999999	0.8800000000000001	0.41	0.6900000000000001
Mean_output\pred_ense_majority_counts_sel_strevaluation_detgptOO_votes_17_	0.74	0.4	0.22000000000000003	0.45	0.6699999999999999	0.59	0.55	0.4	0.65	0.33999999999999997	0.63	0.7899999999999999	0.54	0.54	0.86	0.37000000000000005	0.6799999999999999
Mean_output\pred_ense_majority_counts_sel_strevaluation_detgptOO_votes_19_	0.7699999999999999	0.39	0.19000000000000003	0.42000000000000004	0.63	0.5599999999999999	0.52	0.42000000000000004	0.63	0.33999999999999997	0.6100000000000001	0.8	0.5599999999999999	0.59	0.85	0.41	0.6699999999999999
Mean_output\pred_ense_majority_counts_sel_strevaluation_detgptOO_votes_9_	0.79	0.4	0.24	0.43000000000000005	0.63	0.54	0.55	0.42000000000000004	0.65	0.39	0.62	0.8300000000000001	0.54	0.55	0.85	0.41000000000000003	0.66
