Group	Topic - concise(1,NaN)	Topic - broken down (1,NaN)	1 Goal (1,NaN)	2 Goals (1,NaN)	>2 Goals (1,NaN)	AI role play (1,NaN)	Role form/context(1,NaN)	Meta Process-related (1,NaN)	Simple sentence structure (1,NaN)	Complex sentence structure (1,NaN)	ActAsPersona- Persona Pattern (1,Nan)	ProvideOutPuts- Persona Pattern (1,Nan)	PatternOrder- Persona Pattern (1,Nan)	StrictSeparationRoleVsOutput- Persona Pattern (1,Nan)	Feature 1: AskMeQuestions-FlippedPattern	Feature 2: ConditionStop-FlippedPattern	Feature 3: Form-FlippedPattern:
Mean_output\pred_ense_majority_counts_sel_strevaluation_detgptOO_votes_11_	0.72	0.41000000000000003	0.22000000000000003	0.33	0.61	0.57	0.49000000000000005	0.4	0.6700000000000002	0.35	0.6399999999999999	0.82	0.51	0.51	0.86	0.38	0.6699999999999999
Mean_output\pred_ense_majority_counts_sel_strevaluation_detgptOO_votes_13_	0.74	0.39	0.17	0.37	0.6100000000000001	0.5599999999999999	0.5200000000000001	0.39	0.6699999999999999	0.41	0.63	0.8299999999999998	0.55	0.58	0.85	0.35	0.6599999999999999
Mean_output\pred_ense_majority_counts_sel_strevaluation_detgptOO_votes_15_	0.7	0.38	0.22000000000000003	0.38	0.7	0.58	0.45999999999999996	0.38	0.6000000000000001	0.36000000000000004	0.64	0.8200000000000001	0.53	0.55	0.86	0.34	0.7300000000000001
Mean_output\pred_ense_majority_counts_sel_strevaluation_detgptOO_votes_17_	0.74	0.41000000000000003	0.16999999999999998	0.31000000000000005	0.6799999999999999	0.59	0.5700000000000001	0.38999999999999996	0.6599999999999999	0.32	0.7	0.8099999999999999	0.54	0.5399999999999999	0.85	0.36	0.6900000000000001
Mean_output\pred_ense_majority_counts_sel_strevaluation_detgptOO_votes_19_	0.7300000000000001	0.42000000000000004	0.17	0.32999999999999996	0.64	0.59	0.51	0.38	0.64	0.35000000000000003	0.6499999999999999	0.79	0.54	0.5199999999999999	0.8799999999999999	0.35	0.71
Mean_output\pred_ense_majority_counts_sel_strevaluation_detgptOO_votes_9_	0.73	0.39	0.26	0.37	0.63	0.55	0.49000000000000005	0.48	0.5799999999999998	0.36	0.6100000000000001	0.76	0.53	0.54	0.85	0.48	0.7300000000000001
